"First Name","Last Name","Email","Phone Number"
"Admina","Admina","aadminaa1@admin.com",12345678950
"aaaa","Admina","aaaaaa1@aaa.com",12345678980
"bbba","Admina","abbbaa1@bbb.com",7894651232260
"Admina","Admina","aadminaa2@admin.com",12345678951
"aaaaaa","Admina","aaaaaa2@aaa.com",12345678981
"bbba","Admina","abbbaa2@bbb.com",7894651232261
"Admina","Admina","aadminaa3@admin.com",12345678952
"aaaaaa","Admina","aaaaaa3@aaa.com",12345678982
"bbba","Admina","abbbaa3@bbb.com",7894651232261
"Admina","Admina","aadminaa4@admin.com",12345678953
"aaaaaa","Admina","aaaaaa4@aaa.com",12345678983
"bbba","Admina","abbbaa4@bbb.com",7894651232265
"Admina","Admina","aadminaa5@admin.com",12345678954
"aaaaaa","Admina","aaaaaa5@aaa.com",12345678984
"bbba","Admina","abbbaa5@bbb.com",7894651232268
"Admina","Admina","aadminaa6@admin.com",12345678955
"aaaaaa","Admina","aaaaaa6@aaa.com",12345678985
"bbba","Admina","abbbaa6@bbb.com",7894651232269
"Admina","Admina","aadminaa@admin.com",12345678956
"*aaaaaa","Admina","aaaaaa@aaa.com",12345678986
"*bbba","Admina","abbbaa@bbb.com",7894651232263